﻿Board Number,Board Name,Board Language,Board Type,District Name,City,Grade 6 EQAO Reading Results,Progress in Grade 6 EQAO Reading Results,Grade 10 OSSLT Results,Progress in Grade 10 OSSLT Results ,Credit Accumulation by the end of Grade 10,Progress in Credit Accumulation by the end of Grade 10,Credit Accumulation by the end of Grade 11,Progress in Credit Accumulation by the end of Grade 11,Primary Class Size with 20 Students or less,Progress in Primary Class Size with 20 Students or less,Four Year Graduation Rate,Progress in Four Year Graduation Rate,Five Year Graduation Rate,Progress in Five Year Graduation Rate
B28010,Algoma DSB,English,Public,NB,Sault Ste Marie,0.71,0.04,0.67,0.01,0.72,-0.01,0.76,0.03,0.96,0.35,0.721,0.06,0.785,0.048
B67202,Algonquin and Lakeshore CDSB,English,Roman Catholic,OW,Napanee,0.77,-0.04,0.79,-0.04,0.85,-0.01,0.87,-0.04,0.93,0.53,0.873,-0.013,0.901,-0.028
B66010,Avon Maitland DSB,English,Public,LD,Seaforth,0.81,0.01,0.75,-0.01,0.78,-0.01,0.76,-0.01,0.94,0.48,0.711,0.034,0.854,0.028
B66001,Bluewater DSB,English,Public,BE,Chesley,0.72,-0.03,0.78,0,0.72,-0.01,0.73,0.02,0.9,0.59,0.69,0.009,0.816,-0.001
B67164,Brant Haldimand Norfolk CDSB,English,Roman Catholic,LD,Brantford,0.87,0.04,0.82,-0.01,0.79,-0.01,0.86,-0.01,0.91,0.51,0.792,-0.039,0.845,-0.03
B67008,Bruce-Grey CDSB,English,Roman Catholic,BE,Hanover,0.81,-0.01,0.71,-0.03,0.85,0.01,0.82,-0.03,0.91,0.57,0.844,0.036,0.887,0.039
B67172,CDSB of Eastern Ontario,English,Roman Catholic,OW,Kemptville,0.79,0.01,0.8,-0.02,0.87,-0.01,0.9,-0.02,0.95,0.64,0.875,-0.002,0.904,-0.002
B66311,Conseil des écoles publiques de l'Est de l'Ontario,French,Public,OW,Ottawa,0.94,0.03,0.93,-0.02,0.89,0.02,0.89,0,0.91,0.52,0.88,0.006,0.902,0.001
B67318,Conseil scolaire catholique MonAvenir,French,Roman Catholic,TO,Toronto,0.95,0.02,0.93,0,0.91,0.1,0.92,0.11,0.91,0.62,0.935,0.038,0.955,0.034
B67300,Conseil scolaire catholique Providence,French,Roman Catholic,TO,Windsor,0.92,0.05,0.88,-0.01,0.96,0.05,0.91,-0.03,0.92,0.39,0.92,-0.011,0.956,0
B28118,Conseil scolaire public du Grand Nord de l’Ontario,French,Public,NB,Sudbury,0.88,0.06,0.84,0.01,0.87,-0.05,0.89,0.01,0.9,0.3,0.837,0.049,0.889,0.071
B66303,CS Viamonde,French,Public,TO,North York,0.95,0.03,0.88,-0.05,0.84,-0.05,0.88,-0.04,0.91,0.52,0.923,0.023,0.95,0.026