﻿Board Number,Board Name,Board Language,Board Type,District Name,City,Grade 6 EQAO Reading Results,Progress in Grade 6 EQAO Reading Results,Grade 10 OSSLT Results,Progress in Grade 10 OSSLT Results ,Credit Accumulation by the end of Grade 10,Progress in Credit Accumulation by the end of Grade 10,Credit Accumulation by the end of Grade 11,Progress in Credit Accumulation by the end of Grade 11,Primary Class Size with 20 Students or less,Progress in Primary Class Size with 20 Students or less,Four Year Graduation Rate,Progress in Four Year Graduation Rate,Five Year Graduation Rate,Progress in Five Year Graduation Rate
B28010,Algoma DSB,English,Public,NB,Sault Ste Marie,0.71,0.04,0.67,0.01,0.72,-0.01,0.76,0.03,0.96,0.35,0.721,0.06,0.785,0.048
B67202,Algonquin and Lakeshore CDSB,English,Roman Catholic,OW,Napanee,0.77,-0.04,0.79,-0.04,0.85,-0.01,0.87,-0.04,0.93,0.53,0.873,-0.013,0.901,-0.028
B66010,Avon Maitland DSB,English,Public,LD,Seaforth,0.81,0.01,0.75,-0.01,0.78,-0.01,0.76,-0.01,0.94,0.48,0.711,0.034,0.854,0.028
B66001,Bluewater DSB,English,Public,BE,Chesley,0.72,-0.03,0.78,0,0.72,-0.01,0.73,0.02,0.9,0.59,0.69,0.009,0.816,-0.001
B67164,Brant Haldimand Norfolk CDSB,English,Roman Catholic,LD,Brantford,0.87,0.04,0.82,-0.01,0.79,-0.01,0.86,-0.01,0.91,0.51,0.792,-0.039,0.845,-0.03
B67008,Bruce-Grey CDSB,English,Roman Catholic,BE,Hanover,0.81,-0.01,0.71,-0.03,0.85,0.01,0.82,-0.03,0.91,0.57,0.844,0.036,0.887,0.039
B67172,CDSB of Eastern Ontario,English,Roman Catholic,OW,Kemptville,0.79,0.01,0.8,-0.02,0.87,-0.01,0.9,-0.02,0.95,0.64,0.875,-0.002,0.904,-0.002
B66311,Conseil des écoles publiques de l'Est de l'Ontario,French,Public,OW,Ottawa,0.94,0.03,0.93,-0.02,0.89,0.02,0.89,0,0.91,0.52,0.88,0.006,0.902,0.001
B67318,Conseil scolaire catholique MonAvenir,French,Roman Catholic,TO,Toronto,0.95,0.02,0.93,0,0.91,0.1,0.92,0.11,0.91,0.62,0.935,0.038,0.955,0.034
B67300,Conseil scolaire catholique Providence,French,Roman Catholic,TO,Windsor,0.92,0.05,0.88,-0.01,0.96,0.05,0.91,-0.03,0.92,0.39,0.92,-0.011,0.956,0
B28118,Conseil scolaire public du Grand Nord de l’Ontario,French,Public,NB,Sudbury,0.88,0.06,0.84,0.01,0.87,-0.05,0.89,0.01,0.9,0.3,0.837,0.049,0.889,0.071
B66303,CS Viamonde,French,Public,TO,North York,0.95,0.03,0.88,-0.05,0.84,-0.05,0.88,-0.04,0.91,0.52,0.923,0.023,0.95,0.026
B28100,CSD du Nord-Est de l'Ontario,French,Public,NB,North Bay,0.78,-0.1,0.64,-0.12,0.78,-0.05,0.83,0.01,0.87,0,0.835,0.052,0.871,0.034
B67326,CSDC de l'Est ontarien,French,Roman Catholic,OW,L'Orignal,0.91,-0.02,0.9,-0.04,0.92,0.05,0.93,0.01,0.88,0.53,0.919,-0.005,0.929,-0.003
B29130,CSDC des Aurores boréales,French,Roman Catholic,NB,Thunder Bay,0.83,-0.05,0.94,0.01,0.81,-0.15,0.83,-0.09,0.92,0.02,0.903,0.085,0.935,0.026
B29106,CSDC des Grandes Rivières,French,Roman Catholic,NB,Timmins,0.88,0.03,0.82,-0.06,0.92,0.02,0.92,-0.01,0.9,0.21,0.893,0.024,0.932,0.03
B67334,CSDC du Centre-Est de l'Ontario,French,Roman Catholic,OW,Gloucester,0.96,0.01,0.92,-0.02,0.88,-0.04,0.95,0,0.91,0.46,0.931,0.001,0.943,0.003
B29122,CSDC du Nouvel-Ontario,French,Roman Catholic,NB,Sudbury,0.92,0.01,0.81,-0.06,0.95,0.01,0.95,-0.01,0.9,0.08,0.928,0.036,0.95,0.023
B29114,CSDC Franco-Nord,French,Roman Catholic,NB,North Bay,0.83,-0.03,0.82,-0.01,0.94,0.02,0.91,-0.01,0.94,0.08,0.924,-0.009,0.955,-0.005
B66150,DSB of Niagara,English,Public,LD,St Catharines,0.88,0.03,0.81,-0.05,0.81,0.08,0.83,0.09,0.94,0.58,0.803,0.027,0.851,0.014
B28002,DSB Ontario North East,English,Public,NB,Timmins,0.64,-0.08,0.63,-0.04,0.64,-0.01,0.6,0,0.91,0.37,0.559,0.06,0.709,0.034
B67083,Dufferin-Peel CDSB,English,Roman Catholic,TO,Mississauga,0.84,0,0.83,0.01,0.86,0,0.89,-0.01,0.9,0.66,0.892,0.004,0.929,-0.001
B67105,Durham CDSB,English,Roman Catholic,BE,Oshawa,0.84,-0.03,0.81,0.01,0.58,-0.2,0.85,0.03,0.9,0.53,0.897,0.009,0.917,-0.003
B66060,Durham DSB,English,Public,BE,Whitby,0.85,0,0.82,0.02,0.77,0.01,0.82,0.02,0.9,0.63,0.817,0.035,0.874,0.025
B66168,Grand Erie DSB,English,Public,LD,Brantford,0.71,-0.01,0.63,-0.05,0.57,-0.06,0.68,0.02,0.9,0.49,0.656,0.029,0.759,0.02
B66028,Greater Essex County DSB,English,Public,LD,Windsor,0.78,0.01,0.78,-0.01,0.8,0.02,0.81,0,0.94,0.58,0.792,0.012,0.85,0.002
B67113,Halton CDSB,English,Roman Catholic,TO,Burlington,0.89,0.02,0.85,-0.01,0.87,0.02,0.92,0,0.9,0.73,0.911,0.009,0.943,0.004
B66133,Halton DSB,English,Public,TO,Burlington,0.87,0,0.86,-0.01,0.86,0,0.88,0.01,0.91,0.68,0.872,0.033,0.927,0.018
B67121,Hamilton-Wentworth CDSB,English,Roman Catholic,LD,Hamilton,0.83,0.02,0.79,0,0.8,-0.01,0.82,-0.01,0.93,0.58,0.809,-0.006,0.858,-0.005
B66141,Hamilton-Wentworth DSB,English,Public,LD,Hamilton,0.73,-0.01,0.73,0,0.6,-0.03,0.71,0,0.9,0.63,0.736,0.01,0.805,-0.003
B66222,Hastings & Prince Edward DSB,English,Public,OW,Belleville,0.69,0.02,0.67,0.01,0.66,0.1,0.73,0.03,0.91,0.61,0.704,-0.002,0.764,-0.01
B67016,Huron Perth CDSB,English,Roman Catholic,LD,Dublin,0.87,-0.01,0.74,-0.09,0.89,-0.01,0.89,-0.03,0.91,0.46,0.885,-0.002,0.935,0.015
B29025,Huron-Superior CDSB,English,Roman Catholic,NB,Sault Ste Marie,0.78,-0.03,0.8,0.08,0.78,-0.02,0.85,0.06,0.9,0.35,0.827,0.061,0.849,0.032
B66079,Kawartha Pine Ridge DSB,English,Public,BE,Peterborough,0.79,0,0.76,0.03,0.81,0.03,0.81,0.02,0.9,0.61,0.782,0.007,0.849,0.003
B28045,Keewatin-Patricia DSB,English,Public,TD,Kenora,0.72,0.07,0.53,-0.06,0.73,0.06,0.75,0.03,0.9,0.39,0.673,-0.028,0.732,-0.025
B29050,Kenora CDSB,English,Roman Catholic,TD,Kenora,0.8,0.1,0.66,-0.08,0.86,0,0.87,0.03,0.95,0.56,0.791,0.002,0.813,-0.022
B28061,Lakehead DSB,English,Public,TD,Thunder Bay,0.75,0.04,0.79,-0.01,0.74,-0.03,0.76,-0.02,0.91,0.57,0.692,0.066,0.759,0.047
B66036,Lambton Kent DSB,English,Public,LD,Sarnia,0.76,-0.01,0.72,-0.03,0.71,0,0.74,0,0.9,0.51,0.677,-0.045,0.771,-0.044
B66206,Limestone DSB,English,Public,OW,Kingston,0.72,-0.03,0.73,-0.06,0.78,0.01,0.76,0.01,0.9,0.61,0.795,-0.012,0.848,-0.008
B67032,London District Catholic School Board,English,Roman Catholic,LD,London,0.78,-0.04,0.8,-0.01,0.57,-0.26,0.89,0,0.91,0.46,0.857,0.012,0.906,0.005
B28037,Near North DSB,English,Public,NB,North Bay,0.77,0,0.66,-0.08,0.81,0.06,0.76,0.07,0.9,0.56,0.734,0.061,0.806,0.039
B67156,Niagara CDSB,English,Roman Catholic,LD,Welland,0.83,0,0.82,-0.02,0.89,-0.02,0.92,-0.01,0.9,0.58,0.919,0.006,0.941,0.009
B29017,Nipissing-Parry Sound CDSB,English,Roman Catholic,NB,North Bay,0.81,0.08,0.78,-0.02,0.73,-0.05,0.85,-0.03,0.9,0.58,0.766,0.03,0.82,0.005
B29009,Northeastern CDSB,English,Roman Catholic,NB,Timmins,0.71,0.03,0.69,0.04,0.81,0.22,0.84,0.24,0.9,0.24,0.654,-0.003,0.76,0.036
B67180,Ottawa CDSB,English,Roman Catholic,OW,Nepean,0.85,0,0.84,-0.01,0.86,0.02,0.9,0.01,0.9,0.62,0.866,-0.014,0.892,-0.006
B66184,Ottawa-Carleton DSB,English,Public,OW,Nepean,0.82,-0.02,0.86,0,0.81,0.01,0.83,0.01,0.91,0.65,0.843,0.018,0.89,0.02
B66125,Peel DSB,English,Public,TO,Mississauga,0.81,-0.01,0.83,0.03,0.78,0.01,0.82,-0.01,0.9,0.79,0.844,0.015,0.891,0.011
B67067,Peterborough Victoria Northumberland and Clarington CDSB,English,Roman Catholic,BE,Peterborough,0.76,-0.06,0.75,-0.02,0.87,0.03,0.91,0.01,0.9,0.61,0.888,0.006,0.916,-0.004
B28029,Rainbow DSB,English,Public,NB,Sudbury,0.77,0,0.71,-0.06,0.71,0.02,0.75,0.03,0.93,0.39,0.65,0.023,0.75,0.012
B28053,Rainy River DSB,English,Public,TD,Fort Frances,0.73,-0.02,0.67,0,0.67,-0.14,0.71,-0.01,1,0.46,0.772,0.014,0.805,0.001
B67199,Renfrew County CDSB,English,Roman Catholic,OW,Pembroke,0.91,0.02,0.75,-0.12,0.86,0.37,0.88,0.41,0.91,0.44,0.749,-0.001,0.868,0.032
B66214,Renfrew County DSB,English,Public,OW,Pembroke,0.84,0.04,0.71,-0.06,0.8,-0.02,0.79,-0.01,0.97,0.67,0.781,0.041,0.868,0.051
B66109,Simcoe County DSB,English,Public,BE,Midhurst,0.79,0,0.78,-0.05,0.77,0.03,0.79,0.03,0.9,0.47,0.768,0.006,0.833,0.009
B67091,Simcoe Muskoka CDSB,English,Roman Catholic,BE,Barrie,0.79,0.01,0.75,-0.02,0.81,0.16,0.81,-0.01,0.92,0.52,0.841,0,0.891,0.006
B67040,St Clair CDSB,English,Roman Catholic,LD,Wallaceburg,0.84,0.05,0.78,-0.05,0.86,0.03,0.89,0.01,0.92,0.59,0.781,-0.023,0.872,-0.034
B29033,Sudbury CDSB,English,Roman Catholic,NB,Sudbury,0.83,0,0.86,0.03,0.81,0.06,0.81,0.02,0.93,0.59,0.795,0.068,0.839,0.037
B28070,Superior-Greenstone DSB,English,Public,TD,Marathon,0.67,0.05,0.51,-0.06,0.69,0.07,0.63,0.04,0.94,0.2,0.655,0.076,0.714,0.029
B66044,Thames Valley DSB,English,Public,LD,London,0.73,0.01,0.7,-0.02,0.73,-0.01,0.75,0,0.93,0.6,0.676,0.007,0.796,0.008
B29068,Thunder Bay CDSB,English,Roman Catholic,TD,Thunder Bay,0.83,0.01,0.76,-0.01,0.84,0.06,0.84,-0.03,0.94,0.65,0.794,0.001,0.85,0.002
B67059,Toronto CDSB,English,Roman Catholic,TO,Toronto,0.79,-0.01,0.84,0.04,0.83,0.05,0.81,-0.01,0.91,0.49,0.84,-0.001,0.888,0.002
B66052,Toronto DSB,English,Public,TO,Toronto,0.81,0,0.82,0.01,0.74,0.01,0.78,0.02,0.86,0.67,0.769,0.028,0.842,0.011
B66087,Trillium Lakelands DSB,English,Public,BE,Lindsay,0.76,-0.02,0.71,-0.06,0.78,0,0.81,0.02,0.9,0.5,0.773,0.029,0.825,-0.002
B66192,Upper Canada DSB,English,Public,OW,Brockville,0.79,0.02,0.72,-0.02,0.76,0,0.77,0.02,0.91,0.55,0.802,0.015,0.858,0.014
B66117,Upper Grand DSB,English,Public,TO,Guelph,0.82,0.02,0.83,0.03,0.81,0.02,0.81,0.03,0.9,0.51,0.757,0.015,0.849,-0.012
B67148,Waterloo CDSB,English,Roman Catholic,LD,Kitchener,0.81,0,0.82,0.03,0.84,-0.01,0.85,-0.01,0.93,0.66,0.796,-0.006,0.859,-0.011
B66176,Waterloo Region DSB,English,Public,LD,Kitchener,0.79,0,0.77,-0.05,0.77,0.01,0.76,0.01,0.9,0.57,0.708,0.021,0.828,0.02
B67130,Wellington CDSB,English,Roman Catholic,TO,Guelph,0.79,-0.03,0.82,-0.04,0.75,-0.1,0.85,0.05,0.9,0.66,0.858,-0.009,0.93,0.026
B67024,Windsor-Essex CDSB,English,Roman Catholic,LD,Windsor,0.85,-0.01,0.86,0,0.81,0.01,0.85,0,0.92,0.5,0.876,0.041,0.918,0.027
B67075,York CDSB,English,Roman Catholic,TO,Aurora,0.89,-0.01,0.86,-0.01,0.88,-0.01,0.93,0.01,0.92,0.56,0.951,0.012,0.969,0.01
B66095,York Region DSB,English,Public,TO,Aurora,0.87,0,0.89,0.01,0.87,0,0.9,0,0.9,0.67,0.884,0.006,0.927,0.004