B28010,Algoma DSB,English,Public
B67202,Algonquin and Lakeshore CDSB,English,Roman Catholic
B66010,Avon Maitland DSB,English,Public
B66001,Bluewater DSB,English,Public
B67164,Brant Haldimand Norfolk CDSB,English,Roman Catholic
B67008,Bruce-Grey CDSB,English,Roman Catholic
B67172,CDSB of Eastern Ontario,English,Roman Catholic
B66311,Conseil des ?coles publiques de l'Est de l'Ontario,French,Public
B67318,Conseil scolaire catholique MonAvenir,French,Roman Catholic
B67300,Conseil scolaire catholique Providence,French,Roman Catholic
B28118,Conseil scolaire public du Grand Nord de l?Ontario,French,Public
B66303,CS Viamonde,French,Public
B28100,CSD du Nord-Est de l'Ontario,French,Public
B67326,CSDC de l'Est ontarien,French,Roman Catholic
B29130,CSDC des Aurores bor?ales,French,Roman Catholic
B29106,CSDC des Grandes Rivi?res,French,Roman Catholic
B67334,CSDC du Centre-Est de l'Ontario,French,Roman Catholic
B29122,CSDC du Nouvel-Ontario,French,Roman Catholic
B29114,CSDC Franco-Nord,French,Roman Catholic
B66150,DSB of Niagara,English,Public
B28002,DSB Ontario North East,English,Public
B67083,Dufferin-Peel CDSB,English,Roman Catholic
B67105,Durham CDSB,English,Roman Catholic
B66060,Durham DSB,English,Public
B66168,Grand Erie DSB,English,Public
B66028,Greater Essex County DSB,English,Public
B67113,Halton CDSB,English,Roman Catholic
B66133,Halton DSB,English,Public
B67121,Hamilton-Wentworth CDSB,English,Roman Catholic
B66141,Hamilton-Wentworth DSB,English,Public
B66222,Hastings & Prince Edward DSB,English,Public
B67016,Huron Perth CDSB,English,Roman Catholic
B29025,Huron-Superior CDSB,English,Roman Catholic
B66079,Kawartha Pine Ridge DSB,English,Public
B28045,Keewatin-Patricia DSB,English,Public
B29050,Kenora CDSB,English,Roman Catholic
B28061,Lakehead DSB,English,Public
B66036,Lambton Kent DSB,English,Public
B66206,Limestone DSB,English,Public
B67032,London District Catholic School Board,English,Roman Catholic
B28037,Near North DSB,English,Public
B67156,Niagara CDSB,English,Roman Catholic
B29017,Nipissing-Parry Sound CDSB,English,Roman Catholic
B29009,Northeastern CDSB,English,Roman Catholic
B67180,Ottawa CDSB,English,Roman Catholic
B66184,Ottawa-Carleton DSB,English,Public
B66125,Peel DSB,English,Public
B67067,Peterborough Victoria Northumberland and Clarington CDSB,English,Roman Catholic
B28029,Rainbow DSB,English,Public
B28053,Rainy River DSB,English,Public
B67199,Renfrew County CDSB,English,Roman Catholic
B66214,Renfrew County DSB,English,Public
B66109,Simcoe County DSB,English,Public
B67091,Simcoe Muskoka CDSB,English,Roman Catholic
B67040,St Clair CDSB,English,Roman Catholic
B29033,Sudbury CDSB,English,Roman Catholic
B28070,Superior-Greenstone DSB,English,Public
B66044,Thames Valley DSB,English,Public
B29068,Thunder Bay CDSB,English,Roman Catholic
B67059,Toronto CDSB,English,Roman Catholic
B66052,Toronto DSB,English,Public
B66087,Trillium Lakelands DSB,English,Public
B66192,Upper Canada DSB,English,Public
B66117,Upper Grand DSB,English,Public
B67148,Waterloo CDSB,English,Roman Catholic
B66176,Waterloo Region DSB,English,Public
B67130,Wellington CDSB,English,Roman Catholic
B67024,Windsor-Essex CDSB,English,Roman Catholic
B67075,York CDSB,English,Roman Catholic
B66095,York Region DSB,English,Public
