B28010,Algoma DSB,English,Public
B67202,Algonquin and Lakeshore CDSB,English,Roman Catholic
B66010,Avon Maitland DSB,English,Public
B66001,Bluewater DSB,English,Public
B67164,Brant Haldimand Norfolk CDSB,English,Roman Catholic
B67008,Bruce-Grey CDSB,English,Roman Catholic
B67172,CDSB of Eastern Ontario,English,Roman Catholic
B66311,Conseil des ?coles publiques de l'Est de l'Ontario,French,Public
B67318,Conseil scolaire catholique MonAvenir,French,Roman Catholic
B67300,Conseil scolaire catholique Providence,French,Roman Catholic
B28118,Conseil scolaire public du Grand Nord de l?Ontario,French,Public
B66303,CS Viamonde,French,Public
B28100,CSD du Nord-Est de l'Ontario,French,Public
B67326,CSDC de l'Est ontarien,French,Roman Catholic
B29130,CSDC des Aurores bor?ales,French,Roman Catholic
B29106,CSDC des Grandes Rivi?res,French,Roman Catholic
B67334,CSDC du Centre-Est de l'Ontario,French,Roman Catholic
B29122,CSDC du Nouvel-Ontario,French,Roman Catholic